SalePrice,LotArea,LotFrontage,1stFlrSF,OverallQual,GarageArea,YearBuilt,TotalBsmtSF,2ndFlrSF
208500,8450,65.0,856,7,548,2003,856,854
181500,9600,80.0,1262,6,460,1976,1262,0
223500,11250,68.0,920,7,608,2001,920,866
140000,9550,60.0,961,7,642,1915,756,756
250000,14260,84.0,1145,8,836,2000,1145,1053
143000,14115,85.0,796,5,480,1993,796,566
307000,10084,75.0,1694,8,636,2004,1686,0
129900,6120,51.0,1022,7,468,1931,952,752
118000,7420,50.0,1077,5,205,1939,991,0
129500,11200,70.0,1040,5,384,1965,1040,0
345000,11924,85.0,1182,9,736,2005,1175,1142
279500,10652,91.0,1494,7,840,2006,1494,0
132000,6120,51.0,854,7,576,1929,832,0
90000,10791,72.0,1296,4,516,1967,0,0
159000,13695,66.0,1114,5,576,2004,1114,0
139000,7560,70.0,1339,5,294,1958,1029,0
325300,14215,101.0,1158,8,853,2005,1158,1218
139400,7449,57.0,1108,7,280,1930,637,0
230000,9742,75.0,1795,8,534,2002,1777,0
129900,4224,44.0,1060,5,572,1976,1040,0
256300,14230,110.0,1600,8,890,2007,1566,0
134800,7200,60.0,900,5,576,1951,900,0
306000,11478,98.0,1704,8,772,2007,1704,0
207500,16321,47.0,1600,5,319,1957,1484,0
68500,6324,60.0,520,4,240,1927,520,0
40000,8500,50.0,649,4,250,1920,649,668
179900,11049,85.0,1234,8,484,2007,1234,0
165500,10552,70.0,1700,5,447,1959,1398,0
277500,7313,60.0,1561,9,556,2005,1561,0
309000,13418,108.0,1132,8,691,2004,1117,1320
145000,10859,112.0,1097,5,672,1994,1097,0
153000,8532,74.0,1297,5,498,1954,1297,0
109000,7922,68.0,1057,5,246,1953,1057,0
82000,6040,65.0,1152,4,0,1955,0,0
160000,8658,84.0,1324,6,440,1965,1088,0
170000,16905,115.0,1328,5,308,1959,1350,0
141000,7945,70.0,1150,5,300,1959,1150,0
319900,7658,61.0,1752,9,576,2005,1752,0
239686,12822,48.0,1518,7,670,2003,1434,631
249700,11096,84.0,1656,8,826,2006,1656,0
113000,4456,33.0,736,4,0,1920,736,716
127000,7742,66.0,955,5,386,1966,955,0
114500,6240,52.0,816,6,528,1934,816,0
110000,8472,110.0,816,5,516,1963,816,0
385000,50271,68.0,1842,9,894,1981,1842,0
130000,7134,60.0,1360,5,572,1955,384,0
180500,10175,100.0,1425,6,576,1964,1425,0
172500,2645,24.0,983,8,480,1999,970,756
196500,11645,89.0,860,7,565,2004,860,860
438780,13682,66.0,1426,10,641,2006,1410,1519
124900,7200,60.0,780,5,352,1972,780,0
158000,13072,63.0,1158,6,576,2004,1158,0
101000,7200,60.0,581,5,288,1920,530,530
202500,6442,44.0,1370,8,484,2006,1370,0
140000,10300,50.0,902,7,480,1921,576,808
317000,9591,76.0,1143,8,852,2004,1143,1330
226000,10665,72.0,1479,7,558,2003,1453,0
80000,4608,47.0,747,4,220,1945,747,0
225000,15593,81.0,1304,7,667,1953,1304,983
244000,13651,95.0,2223,7,516,1973,2223,0
129500,7599,69.0,845,4,360,1982,845,0
185000,10141,74.0,885,7,427,1998,832,833
144900,10200,85.0,1086,5,490,1954,1086,0
107400,5790,60.0,840,3,379,1915,840,765
91000,1596,21.0,526,4,297,1973,462,462
127000,8635,50.0,1072,5,240,1948,672,213
136500,10778,72.0,1768,4,0,1968,1768,0
110000,10440,60.0,682,5,440,1910,440,548
193500,13000,100.0,1182,6,509,1968,896,960
153500,4500,32.0,1337,6,405,1998,1237,0
245000,10206,78.0,1563,8,758,2007,1563,0
126500,8892,80.0,1065,5,461,1960,1065,0
260000,16059,121.0,1301,8,462,1991,1288,1116
174000,11911,122.0,684,6,400,2005,684,876
164500,3951,40.0,612,6,528,2009,612,612
85000,8470,105.0,1013,3,0,1915,1013,0
123600,8070,60.0,990,4,0,1994,990,0
109900,7200,60.0,1040,4,420,1950,0,0
98600,8500,85.0,1235,5,480,1961,1235,0
163500,13360,80.0,964,5,432,1921,876,0
133900,7200,60.0,1260,6,506,1910,1214,1031
204750,9337,69.0,905,6,684,1997,824,881
214000,10264,78.0,1588,7,472,1999,1588,0
94750,10921,73.0,960,4,432,1965,960,0
83000,10625,85.0,835,5,366,1920,458,0
128950,9320,77.0,1225,4,0,1959,950,0
178000,9206,77.0,977,6,476,1985,741,755
118964,7018,64.0,1535,5,410,1979,0,0
198900,10402,94.0,1226,7,740,2009,1226,0
250000,9375,75.0,1053,8,648,2003,1053,939
100000,10800,60.0,1047,4,273,1885,641,0
115000,6000,50.0,789,5,250,1948,789,0
115000,8500,85.0,997,5,0,1919,793,520
190000,11751,105.0,1844,6,546,1977,1844,0
136900,9525,75.0,1216,6,325,1954,994,639
383970,9965,77.0,1282,7,792,2007,1264,1414
259500,7259,61.0,1436,6,180,1945,1028,884
176000,3230,34.0,729,6,440,1999,729,729
155000,8536,74.0,1125,5,430,2006,1125,0
320000,12376,90.0,1699,7,594,1990,1673,1523
163990,8461,65.0,728,6,390,2005,728,728
100000,6060,50.0,772,4,264,1939,732,351
136000,9464,75.0,1080,6,288,1958,1080,0
153900,7892,55.0,1199,6,530,1993,1199,0
181000,17043,48.0,1586,6,435,1979,1362,0
84500,6780,60.0,520,6,0,1935,520,0
87000,4388,55.0,840,5,0,1930,672,0
155000,7590,69.0,660,6,453,1966,660,688
150000,8973,69.0,1053,5,750,1958,1008,0
226000,14200,88.0,1216,7,487,1966,924,941
150750,7388,75.0,1327,5,624,1959,1063,0
180000,10335,78.0,1721,5,440,1968,1461,0
174000,10400,80.0,1682,7,530,1970,1304,0
171000,11070,82.0,1959,7,766,1988,1907,0
230000,9066,73.0,1004,8,660,1999,1004,848
231500,15426,65.0,928,6,470,1997,928,836
115000,10500,70.0,864,4,0,1971,864,0
260000,11645,78.0,1734,7,660,2005,1734,0
166000,8520,71.0,910,5,720,1952,910,475
204000,10335,78.0,1501,7,577,1999,1490,0
125000,9100,70.0,1728,5,504,1963,1728,0
130000,2522,24.0,970,6,380,2004,970,739
105000,6120,51.0,875,5,180,1931,715,0
141000,7500,63.0,1080,7,0,2004,1080,0
122000,10356,120.0,969,5,440,1975,969,0
372402,13891,107.0,1710,8,866,2007,1710,0
125000,11340,84.0,1200,6,312,1923,1200,0
79000,9600,60.0,572,6,0,1924,572,524
109500,7200,60.0,1040,5,625,1950,0,0
269500,12003,92.0,774,8,680,2009,774,1194
254900,12552,100.0,991,7,678,2004,991,956
320000,19378,134.0,1392,7,576,2005,1392,1070
412500,13688,110.0,1572,9,726,2003,1572,1096
220000,12182,95.0,1541,7,532,2005,1541,0
103200,5500,55.0,882,4,0,1956,882,0
152000,5400,40.0,1149,6,216,1926,1149,467
127500,10106,62.0,808,5,0,1940,644,547
325624,10562,86.0,1610,8,789,2007,1582,551
183500,8244,62.0,840,7,440,2004,840,880
215000,31770,141.0,1656,6,528,1960,1080,0
239000,5306,44.0,1064,7,504,1987,1064,703
163000,10197,80.0,1362,6,504,1961,1362,0
184000,12416,47.0,1651,6,616,1986,1606,0
243000,12615,84.0,2158,6,576,1950,1202,0
211000,10029,97.0,1164,6,521,1988,1151,896
501837,17423,63.0,2234,9,1166,2008,2216,0
100000,8520,60.0,968,5,480,1923,968,0
200100,7588,54.0,901,7,216,1920,793,901
120000,9060,60.0,1340,5,252,1957,0,0
200000,11426,63.0,1362,7,484,2003,1362,720
127000,7438,92.0,936,5,576,1908,504,316
475000,22950,90.0,1518,10,840,1892,1107,1518
135000,10410,60.0,808,5,180,1916,660,704
153337,7018,64.0,1224,5,528,1979,1086,0
286000,4923,41.0,1593,8,682,2001,1593,0
315000,10570,70.0,1549,8,440,1932,853,1178
192000,9017,68.0,1431,7,666,1999,1431,0
130000,2522,24.0,970,7,380,2004,970,739
127000,7180,60.0,864,5,352,1972,864,0
148500,2280,24.0,855,6,440,1976,855,601
311872,9416,79.0,1726,7,786,2007,1726,0
235000,25419,174.0,1360,8,795,1918,1360,1360
104000,5520,92.0,929,6,0,1912,755,929
274900,9591,76.0,1713,8,856,2004,1713,0
140000,8546,80.0,1121,4,440,2003,1121,0
171500,10125,75.0,1279,6,473,1977,1196,0
112000,7000,50.0,865,6,398,1924,617,445
110000,3500,50.0,720,5,240,1947,720,564
180500,11851,99.0,1442,7,500,1990,1424,0
143900,13673,40.0,1696,5,349,1962,1140,0
145000,8250,75.0,1092,6,504,1964,1092,0
98000,5604,67.0,864,5,0,1925,864,0
186000,10420,83.0,1212,6,460,2009,1212,0
252678,8640,72.0,932,7,644,2009,900,920
156000,13568,43.0,990,5,576,1995,990,0
134450,10011,72.0,1236,5,447,1957,1070,0
210000,8450,65.0,1436,7,484,2004,1436,0
107000,9906,57.0,810,4,210,1925,686,518
167240,3010,43.0,1248,7,438,2005,1248,0
204900,8990,73.0,1498,7,675,2006,1498,0
179900,11475,85.0,811,6,434,1975,713,741
97000,10500,70.0,864,4,576,1971,864,0
386250,13472,103.0,2392,10,968,2003,2392,0
112000,1680,21.0,630,5,280,1971,630,672
290000,9950,82.0,1214,7,721,1995,1203,1306
106000,1869,21.0,483,6,280,1970,483,504
125000,8521,70.0,912,5,336,1967,912,0
192500,3182,43.0,1555,7,430,2005,1373,0
148000,8760,73.0,1194,6,312,1959,1194,0
403000,15138,174.0,1490,8,810,1995,1462,1304
94500,1680,21.0,483,6,288,1972,483,504
128200,10650,75.0,894,5,308,1976,894,0
89500,1680,21.0,483,6,264,1971,483,504
185500,8773,65.0,1414,7,494,2004,1414,0
318000,12030,93.0,1694,8,818,2007,1694,0
113000,8741,52.0,798,6,220,1945,735,689
262500,9000,75.0,1566,8,750,2008,1566,0
110500,3880,40.0,866,5,0,1945,686,0
79000,5000,63.0,889,5,352,1900,540,551
120000,10762,75.0,626,6,288,1980,626,591
241500,10400,80.0,1872,7,604,1988,1845,0
137000,9142,69.0,908,6,440,1910,1020,1020
140000,11310,75.0,1375,6,451,1954,1367,0
180000,11317,72.0,840,7,500,2003,840,828
76500,5350,55.0,1306,3,0,1940,728,0
235000,4750,44.0,1625,8,538,2006,1573,0
173000,8366,65.0,798,6,520,2004,798,842
158000,9350,85.0,1302,6,309,1964,1302,0
145000,8400,70.0,1314,5,294,1957,1314,0
230000,8738,66.0,1005,7,429,1999,975,1286
207500,8791,64.0,864,6,673,2003,864,864
220000,8814,68.0,1604,7,660,2006,1604,0
231500,12435,80.0,963,7,564,2001,963,829
97000,12702,70.0,882,5,308,1956,0,0
176000,19296,120.0,1382,6,884,1962,1362,0
276000,9588,69.0,1482,8,868,2007,1482,1092
151000,8471,88.0,1212,6,492,1977,506,0
130000,5500,50.0,926,5,484,1929,926,0
73000,5232,30.0,764,5,504,1925,680,0
175500,12090,78.0,1422,6,576,1981,1422,0
185000,11207,70.0,802,6,413,1997,802,709
179500,8400,60.0,1052,5,240,1939,720,720
120500,6900,71.0,778,5,924,1940,740,0
266000,10728,84.0,1095,8,1053,2006,1095,844
241500,39104,73.0,1363,7,439,1954,1385,0
290000,11764,92.0,1164,8,671,1999,1152,1106
139000,9600,80.0,1632,6,338,1958,1240,0
124500,8314,76.0,816,5,264,1982,816,0
205000,7264,55.0,952,7,672,1925,952,596
201000,9196,129.0,1560,7,573,2003,1560,0
141000,19138,140.0,864,4,400,1951,864,0
415298,14450,107.0,2121,9,732,2006,2121,0
192000,10005,83.0,1156,7,505,1977,1160,866
228500,11287,82.0,1175,7,575,1989,807,807
185000,7200,60.0,1262,6,572,2006,1262,0
207500,5063,34.0,1314,7,626,2007,1314,0
244600,9612,74.0,1468,8,898,2008,1468,0
179200,8012,50.0,1575,6,529,1992,1575,0
164700,4251,35.0,625,7,528,2006,625,625
159000,9786,77.0,1085,6,440,1962,912,649
153575,8730,60.0,698,6,384,1915,698,698
233230,15611,120.0,1079,8,685,2006,1079,840
135900,5687,55.0,936,5,0,1912,780,780
131000,11409,60.0,1148,5,281,1949,768,568
167000,9600,80.0,1644,6,418,1953,1416,0
142500,7937,37.0,1003,6,588,1984,1003,0
152000,13710,75.0,910,5,282,1950,910,648
239000,7399,66.0,975,7,576,1997,975,975
175000,11700,90.0,1041,6,539,1968,702,702
158500,14000,80.0,1152,6,300,1950,1092,0
157000,15750,90.0,1336,5,375,1953,1165,0
267000,16226,66.0,1210,8,683,1998,1028,1242
205000,13704,118.0,1541,7,843,2001,1541,0
149900,9800,70.0,894,5,552,1972,894,0
295000,18386,87.0,1675,7,870,1880,1470,1818
305900,10386,80.0,2000,8,888,2004,2000,0
225000,13474,116.0,1122,7,746,1990,700,1121
360000,12378,90.0,1944,9,708,2003,1896,0
132000,8000,50.0,972,6,240,1948,972,0
119900,7800,65.0,793,5,410,1939,793,325
375000,215245,150.0,2036,7,513,1965,2136,0
178000,9600,60.0,832,7,546,1925,728,809
188500,7795,71.0,716,7,432,2004,716,716
260000,13005,94.0,1153,7,484,1980,845,1200
270000,9000,75.0,1088,8,1025,2006,1088,871
260000,9900,90.0,1372,7,656,1993,1347,1274
342643,16259,111.0,1249,9,840,2006,1249,1347
354000,12099,99.0,1136,8,872,2004,1136,1332
301000,10380,86.0,1553,7,576,1986,1502,1177
126175,5820,49.0,1163,3,220,1955,1162,0
242000,11275,96.0,1898,7,564,1967,710,1080
87000,5000,50.0,803,5,360,1941,720,0
324000,10846,32.0,1719,8,473,1993,1719,0
145250,11600,80.0,1383,6,292,1960,1383,0
78000,6402,60.0,596,5,189,1920,596,596
139000,8176,70.0,1056,5,308,1958,1056,0
284000,10655,85.0,1629,8,880,2003,3206,0
207000,8198,59.0,1358,7,484,2004,1358,0
192000,9042,59.0,943,6,472,1998,943,695
377426,14157,86.0,1922,9,676,2005,1922,0
214000,9135,70.0,1536,7,532,2002,1536,0
202500,14145,91.0,1621,7,440,1984,1208,0
155000,12400,66.0,1215,6,297,1958,1215,0
202900,14191,85.0,993,8,431,2002,967,915
82000,8400,60.0,841,4,294,1950,721,0
266000,8849,63.0,1684,9,564,2005,1684,0
85000,2592,36.0,536,5,336,1976,536,576
140200,6435,65.0,972,6,312,1939,972,605
154000,2448,36.0,764,7,474,2003,764,862
437154,20431,56.0,1848,9,706,2005,1848,880
318061,7820,68.0,1869,9,617,2007,1869,0
95000,9084,60.0,616,5,200,1941,616,495
105900,8520,60.0,720,6,484,1928,624,0
140000,8400,60.0,1192,6,240,1940,940,403
177500,11249,105.0,1200,6,521,1995,1200,0
134000,4224,44.0,1142,5,528,1976,1142,0
130000,6930,92.0,1352,5,288,1958,1062,0
280000,12011,78.0,1086,8,592,1998,1086,838
198500,7301,64.0,495,7,672,2003,0,1427
118000,1680,21.0,483,6,264,1972,483,504
147000,10690,59.0,672,5,468,1920,672,672
165000,9150,101.0,1431,6,296,1962,1099,0
132000,7800,78.0,1268,5,244,1954,1268,0
134432,17120,80.0,1120,4,680,1959,0,468
125000,7175,50.0,752,6,264,1984,744,0
123000,10634,79.0,1319,5,270,1953,608,0
219500,8200,65.0,847,7,434,2003,847,1081
148000,8846,57.0,914,5,576,1996,870,0
340000,11143,102.0,1580,8,610,2004,1580,886
394432,11394,88.0,1856,9,834,2010,1856,0
179000,8123,60.0,1007,6,463,2000,982,793
127000,5000,50.0,1026,5,308,1924,1026,665
187750,7200,60.0,1301,7,572,2006,1293,0
213500,9245,79.0,939,7,639,2006,939,858
76000,9000,60.0,784,6,360,1928,784,0
192000,3182,43.0,1269,8,430,2004,1256,0
81000,8410,58.0,658,5,0,1910,658,526
125000,7200,72.0,1125,6,352,1976,1041,0
191000,9382,93.0,1479,7,577,1999,1468,0
426000,12474,96.0,1742,10,846,2007,1682,590
119000,8405,50.0,961,5,384,1900,861,406
215000,12209,71.0,804,6,560,2001,804,1157
109000,10134,60.0,735,5,240,1940,735,299
129000,9571,68.0,1144,5,596,1956,1144,0
123000,7200,60.0,894,5,600,1972,894,0
169500,7590,69.0,876,5,264,1962,864,936
67000,8967,60.0,1077,5,338,1920,961,0
241000,8125,65.0,1112,7,438,2006,1092,438
245500,14963,38.0,1288,8,500,1996,1260,0
164990,8767,65.0,1310,7,400,2005,1310,0
108000,10200,60.0,672,5,240,1940,672,0
258000,12090,93.0,1165,8,420,1998,1141,1098
115000,10480,51.0,1166,6,240,1936,1064,0
177000,15576,63.0,840,6,308,1915,840,840
280000,14154,109.0,1071,7,947,2006,1063,1101
339750,10800,85.0,1050,8,836,2007,1034,1028
60000,9571,68.0,1276,5,350,1958,1276,0
145000,34650,100.0,1056,5,572,1955,1056,0
115000,8960,56.0,1028,5,360,1927,1008,0
228000,11228,59.0,1080,7,678,1993,1080,1017
181134,8899,73.0,1340,7,396,2007,1340,0
149500,7844,74.0,672,6,440,1978,672,728
239000,22420,86.0,1370,6,864,1918,1370,1254
126000,8160,60.0,756,5,240,1940,756,378
142000,8450,65.0,1056,5,304,1968,1056,0
206300,7060,78.0,1344,7,784,1997,1344,0
113000,21750,100.0,988,5,520,1954,988,0
315000,9200,80.0,1470,8,696,1998,1470,1160
139000,9000,72.0,1196,6,297,1956,1196,0
135000,3378,60.0,707,7,240,1946,651,682
109008,8593,77.0,907,4,352,1957,907,0
195400,6762,64.0,1208,7,628,2007,1208,0
175000,11457,130.0,1412,6,576,1988,1392,0
85400,1680,21.0,483,6,264,1971,483,504
79900,5586,60.0,1088,6,0,1920,901,110
122500,1920,24.0,765,5,440,1971,765,600
181000,10839,100.0,926,6,470,1997,926,678
81000,1890,21.0,630,4,0,1972,630,0
212000,10667,43.0,827,7,550,1996,799,834
116000,4400,40.0,734,6,440,1920,648,384
119000,6000,50.0,904,6,180,1926,884,0
90350,4280,40.0,694,5,352,1913,440,0
110000,12354,67.0,684,6,528,1920,684,512
555000,15431,105.0,2402,10,672,2008,3094,0
118000,12108,92.0,1440,4,0,1955,1440,0
162900,6240,52.0,1128,5,360,1930,1078,445
172500,3922,53.0,1258,7,648,2006,1258,0
210000,8750,70.0,933,7,493,1994,915,975
127500,9855,73.0,1689,6,480,1956,1436,0
190000,16492,137.0,1888,6,578,1966,1517,0
119500,8600,50.0,780,6,198,1937,780,596
120000,6000,50.0,679,3,308,1948,649,504
110000,5684,70.0,813,6,270,1930,813,0
280000,70761,62.0,1533,7,576,1975,1533,0
210000,9000,75.0,786,8,676,2008,768,804
188000,9297,63.0,1728,5,560,1976,1728,0
175500,9600,80.0,1242,7,528,1973,1242,0
98000,4571,34.0,624,5,513,1916,624,720
263435,8004,75.0,832,8,552,2009,832,1103
155000,7200,60.0,575,7,576,1936,560,560
62383,8281,60.0,864,5,360,1965,864,0
188700,11988,74.0,849,6,240,1934,715,811
124000,8430,60.0,1040,5,0,1978,1040,0
167000,10628,85.0,1277,7,526,1970,1277,0
146500,9480,79.0,888,5,312,1942,728,756
250000,11428,98.0,1634,8,866,2006,1626,0
187000,9291,76.0,832,6,506,1993,832,878
190000,11952,92.0,1161,7,534,1977,808,808
148000,3675,35.0,1072,6,525,2005,547,0
440000,14977,110.0,1976,8,908,2006,1976,0
251000,5330,41.0,1652,8,499,2000,1494,0
132500,8480,80.0,970,5,624,1963,970,0
208900,13125,75.0,1493,6,508,1997,1478,0
380000,13693,105.0,2069,9,694,2006,2153,574
297000,10637,79.0,1718,8,826,2007,1705,0
89471,5925,50.0,1131,4,672,1937,907,0
326000,16033,98.0,1850,9,772,2004,1833,0
374000,11846,72.0,1792,9,874,2003,1792,0
155000,2500,50.0,916,7,164,1915,910,910
164000,4500,32.0,1216,6,402,1998,1216,0
147000,9600,80.0,1113,5,264,1950,1113,0
156000,10289,79.0,1073,5,515,1965,1073,0
175000,12243,70.0,1484,5,487,1971,1484,0
160000,10800,60.0,1766,5,520,1900,954,648
86000,1526,21.0,630,4,286,1970,630,0
133000,9490,79.0,958,6,240,1941,806,620
172785,15578,105.0,728,6,429,2006,728,728
155000,7931,70.0,1269,5,308,1960,1269,0
91300,5784,50.0,886,5,273,1938,190,0
34900,7879,60.0,720,4,0,1920,720,0
184000,9120,60.0,1133,7,240,1925,1026,687
130000,7800,65.0,899,5,288,1967,864,0
120000,7535,70.0,912,5,297,1958,912,0
113000,1890,21.0,672,6,264,1973,672,546
226700,9803,75.0,866,7,603,2005,866,902
140000,9170,70.0,1214,5,461,1965,1214,0
289000,15602,100.0,1801,7,484,1959,1501,0
147000,2308,24.0,855,6,440,1974,855,467
124500,7596,60.0,960,5,400,1952,960,1000
215000,9554,80.0,1065,8,471,1993,777,846
208300,7862,75.0,1218,6,676,2009,1218,0
161000,9600,60.0,689,7,360,1928,689,689
124500,9600,80.0,1041,5,270,1959,1041,0
164900,14559,75.0,1363,5,288,1951,1008,0
202665,6792,40.0,1368,7,474,2005,1368,0
129900,9100,70.0,864,5,624,1958,864,0
134000,9187,71.0,1080,6,484,1983,1084,0
96500,10594,55.0,789,5,200,1926,768,0
402861,12220,94.0,2020,10,900,2009,2006,0
265000,10208,79.0,1277,7,889,1996,1264,1067
234000,10918,53.0,1276,7,282,1926,1276,804
106250,10800,60.0,694,4,0,1900,0,600
150000,11988,90.0,1244,6,336,1957,1244,0
159000,5000,50.0,1004,6,420,1947,1004,660
184750,40094,130.0,3138,10,884,2007,3138,1538
315750,11787,95.0,1383,7,834,1996,1379,1015
176000,7500,62.0,1266,7,453,2005,1257,0
132000,13300,70.0,928,5,252,1956,928,0
446261,14948,67.0,1476,9,858,2008,1452,1237
86000,9098,58.0,605,4,0,1920,528,0
175000,10200,85.0,1509,6,600,1988,1461,0
128000,6155,60.0,751,6,502,1920,611,611
107500,7200,60.0,827,5,392,1955,0,0
39300,5000,50.0,334,1,0,1946,0,0
178000,9056,74.0,707,8,403,2004,707,707
107500,7000,70.0,820,5,0,1910,1117,527
188000,8924,57.0,880,7,527,1998,880,844
315000,14601,85.0,1838,9,765,2006,1838,0
213250,10140,78.0,1680,7,583,1998,1650,0
133000,4058,34.0,767,7,367,1998,723,0
179665,17104,58.0,664,7,426,2006,654,832
210000,8737,70.0,915,6,440,1923,1065,720
129500,7244,54.0,768,5,624,1970,768,0
125000,8235,49.0,825,5,720,1955,825,0
263000,9375,75.0,912,7,615,2003,912,1182
140000,4043,53.0,1069,6,440,1977,1069,0
112500,6000,50.0,928,5,288,1957,928,0
255500,11146,87.0,1717,8,908,2006,1709,0
108000,8777,67.0,1126,4,520,1949,0,0
284000,10625,85.0,1006,7,871,2003,998,1040
113000,6380,58.0,1048,5,280,1922,993,0
141000,14850,69.0,1092,5,299,1957,1092,0
108000,11040,60.0,897,4,570,1920,637,439
175000,21872,57.0,729,7,406,1996,729,717
170000,10010,77.0,1389,5,418,1974,1389,0
108000,13907,63.0,996,5,0,1940,996,0
185000,21780,66.0,1163,6,396,1918,1163,511
128000,6858,66.0,841,6,216,1915,806,806
325000,11198,77.0,1134,9,656,2005,1122,1370
214000,10171,70.0,1535,7,532,2004,1517,0
316600,12327,79.0,1496,8,612,1983,1496,636
142600,13101,74.0,1728,5,576,1965,1728,0
120000,7332,60.0,864,6,288,1959,864,0
224500,13159,83.0,846,7,650,2009,846,846
170000,9967,76.0,774,7,400,2000,384,656
139000,10500,70.0,576,5,288,1971,372,533
118500,8480,80.0,832,5,336,1947,832,384
145000,6292,52.0,877,7,216,1928,861,600
164500,11777,96.0,1320,5,564,1966,1164,0
146000,3604,34.0,703,7,540,2007,689,689
131500,12150,81.0,1050,5,352,1954,1050,745
253293,12704,98.0,2042,8,1390,2008,2042,0
118500,11841,81.0,816,6,0,1990,816,0
325000,13500,75.0,1521,10,880,1893,1237,1254
133000,6120,51.0,989,4,240,1935,884,584
369900,11443,88.0,2028,8,880,2005,1868,0
130000,10267,55.0,838,6,275,1918,816,0
137000,8740,74.0,860,5,528,1982,840,0
143000,25095,65.0,1473,5,452,1968,1437,0
79500,9100,50.0,779,5,308,1930,742,0
185900,8320,64.0,770,7,520,2004,770,812
451950,13478,97.0,1728,10,842,2008,1722,568
138000,6600,60.0,816,5,816,1982,816,0
110000,7990,88.0,924,5,280,1975,924,0
319000,11302,69.0,1826,8,758,2005,1814,0
114504,3600,60.0,684,6,216,1910,684,684
194201,3922,53.0,1402,7,648,2006,1258,0
217500,12984,80.0,1647,5,621,1977,1430,0
151000,1950,24.0,716,6,452,1980,716,840
275000,10927,74.0,1058,8,736,2005,1058,846
141000,9000,50.0,780,6,544,1937,780,595
220000,10041,80.0,927,8,506,1992,908,988
151000,3182,30.0,600,7,480,2004,600,600
221000,12803,88.0,1494,7,530,2002,1494,0
205000,13600,85.0,1186,7,486,1965,768,800
152000,12464,82.0,1040,5,576,1996,1040,0
225000,7800,78.0,1112,5,230,1948,896,896
359100,12168,78.0,1940,8,380,1934,965,1254
118500,7943,61.0,1029,4,261,1961,1029,0
147000,8402,70.0,1120,5,0,2007,1120,0
75500,1491,21.0,630,4,0,1972,630,0
137500,8800,80.0,1054,6,480,1963,936,0
105500,7227,59.0,832,6,528,1954,832,0
314813,11694,90.0,1828,9,774,2007,1822,0
305000,12244,85.0,1482,8,749,2003,1482,780
67000,8248,45.0,864,3,0,1914,864,0
240000,10800,90.0,1548,6,624,1974,1522,1066
135000,7064,71.0,980,5,484,1977,980,0
165150,10400,80.0,1012,6,484,1972,732,778
160000,10000,87.0,1116,6,440,1962,1116,0
153000,9600,80.0,1520,6,364,1955,1156,0
135000,11606,70.0,1040,5,504,1969,1040,1040
168500,9020,82.0,1350,6,520,1964,1248,0
124000,9000,50.0,1089,5,240,1880,636,661
209500,4590,34.0,1554,8,627,2006,1554,0
82500,11900,85.0,1411,7,544,1977,1386,0
139400,9250,80.0,1056,5,260,1954,1056,0
144000,6979,64.0,1056,6,576,1980,1056,0
200000,10896,60.0,1440,6,0,1914,1440,1440
60000,6120,51.0,800,2,0,1936,264,0
93000,6000,50.0,811,5,256,1954,811,576
85000,8777,67.0,796,5,0,1910,796,0
264561,3982,53.0,1567,8,648,2006,1520,0
274000,12677,62.0,1518,8,588,2003,1518,0
345000,13860,75.0,2000,8,538,1972,1952,704
152000,10793,80.0,780,5,462,1969,780,840
370878,9187,85.0,1766,9,478,2009,1766,0
98300,7200,60.0,1048,5,420,1950,0,0
155000,10452,85.0,1094,6,495,1953,1094,0
155000,7700,70.0,1051,6,442,1966,756,788
84500,1936,21.0,630,4,0,1970,630,0
205950,8125,65.0,822,7,562,2007,813,843
108000,9084,60.0,755,4,296,1940,755,755
191000,8750,70.0,909,7,512,1996,880,807
135000,10320,60.0,756,6,216,1906,756,713
350000,10437,91.0,2113,8,839,1995,2109,0
88000,1680,21.0,525,6,264,1971,525,567
145500,10007,72.0,1053,5,312,1959,1053,0
149000,7200,60.0,851,7,270,1931,776,651
97500,17503,78.0,912,6,330,1948,912,546
167000,9937,75.0,1486,5,480,1964,1486,0
402000,46589,52.0,1686,8,711,1994,1629,762
110000,13560,120.0,1392,6,576,1968,1392,0
137500,10012,90.0,1181,4,588,1972,1138,0
423000,20896,49.0,2097,8,1134,2005,2077,0
230500,11194,106.0,1454,8,504,2000,1406,482
193500,8125,65.0,1679,6,575,1994,1408,0
137500,11600,80.0,1180,4,252,1922,700,0
173500,8633,64.0,738,6,540,2005,738,738
103600,6629,54.0,697,6,300,1925,672,672
257500,14442,110.0,1839,6,416,1957,1477,0
140000,9200,80.0,1136,6,384,1965,1136,0
148500,2289,24.0,855,6,440,1978,855,586
87000,9600,60.0,1095,4,779,1900,1095,679
109500,9022,52.0,792,5,240,1924,768,0
372500,11844,80.0,2046,8,834,2008,2046,0
143000,8012,50.0,923,6,264,1980,923,0
159434,4500,55.0,848,5,281,1932,793,672
285000,11248,90.0,1668,9,702,2002,1626,0
221000,16770,58.0,1195,7,486,1998,1195,644
227875,10207,84.0,874,7,578,2007,874,887
392000,8089,60.0,1419,8,567,2007,1419,0
194700,7577,61.0,1362,6,460,2005,1362,0
755000,21535,104.0,2444,10,832,1994,2444,1872
335000,26178,42.0,1238,7,628,1989,1210,1281
108480,5400,60.0,1073,5,326,1921,1073,0
141500,6120,51.0,1067,5,576,1936,927,472
176000,13811,54.0,1137,6,551,1987,1112,0
89000,6000,50.0,616,5,205,1921,616,0
123500,6420,57.0,1148,5,308,1952,980,0
138500,8450,65.0,894,5,336,1965,894,0
196000,4282,59.0,1391,7,530,2004,1391,0
312500,14331,85.0,1800,8,765,2002,1800,0
140000,9600,80.0,1164,7,528,1969,1164,0
361919,12438,82.0,1264,8,666,2006,1234,1312
140000,7630,76.0,1032,5,672,1900,360,780
213000,8400,70.0,1484,7,606,2004,1473,0
55000,5600,70.0,372,4,0,1930,0,720
254000,6240,48.0,1324,8,550,2006,1324,0
179540,9018,65.0,728,7,400,2007,728,728
52000,4130,56.0,729,3,0,1935,270,0
102776,8712,66.0,859,4,384,1900,859,319
189000,4671,40.0,1228,8,472,1988,1228,0
129000,9873,60.0,960,4,576,1970,960,0
165000,10140,78.0,1350,6,478,1974,1064,0
159500,10800,60.0,1576,7,704,1890,718,978
157000,10000,80.0,1178,5,439,1973,1176,0
341000,10542,96.0,1325,7,983,1993,1311,1093
128500,9920,69.0,971,5,300,1969,971,0
124500,8120,70.0,864,4,463,1970,864,0
135000,8172,60.0,997,4,548,1954,941,473
320000,13286,86.0,1698,9,768,2007,1698,0
120500,6960,60.0,864,4,660,1970,864,0
194500,7314,64.0,1232,7,632,2007,1232,0
110000,11475,85.0,1776,5,888,1958,1584,0
103000,6240,52.0,848,4,539,1925,780,0
236500,5389,39.0,1616,8,608,1995,1595,0
187500,9590,73.0,1146,7,438,2003,868,0
222500,11404,75.0,1153,7,541,1998,1153,878
131400,10000,80.0,1144,5,264,1961,864,0
163000,10800,60.0,880,7,320,1914,880,888
93500,8544,60.0,1040,3,400,1950,0,0
239900,10463,72.0,901,8,800,2005,893,900
179000,10800,60.0,1200,5,0,1987,1200,0
190000,9313,65.0,864,7,572,2004,864,864
132000,9600,60.0,768,5,360,1910,264,664
142000,6768,65.0,912,6,288,1961,912,0
179000,8450,65.0,1349,7,539,2000,1349,0
175000,12886,70.0,1464,5,480,1963,520,0
180000,5395,41.0,1337,8,462,1993,1337,0
265979,11700,65.0,1320,7,864,1880,1240,1320
260400,10593,59.0,1720,7,527,1996,1720,0
98000,8405,50.0,1088,4,240,1945,0,441
96500,8800,55.0,792,4,0,1910,576,348
217000,9236,79.0,1494,6,576,1997,1479,0
275500,10240,80.0,1038,8,878,2005,1030,1060
156000,7930,61.0,1026,6,440,1969,1026,0
172500,3230,34.0,742,6,440,1999,729,729
212000,10769,68.0,866,8,578,2007,866,902
179400,2280,24.0,757,7,440,1999,744,744
290000,12257,65.0,1328,8,752,1995,1318,1203
127500,9100,70.0,864,6,300,1959,864,0
100000,6911,60.0,1301,5,440,1924,1145,0
215200,8640,72.0,764,7,614,2009,756,783
337000,9430,82.0,1268,8,856,1999,1252,1097
270000,9549,30.0,1494,8,481,1995,1494,0
264132,14587,75.0,1506,9,592,2008,1498,0
196500,10421,80.0,980,7,496,1988,980,734
160000,12508,75.0,983,6,423,1940,983,767
216837,9100,70.0,1836,7,484,2004,1860,0
538000,53504,47.0,1690,8,841,2003,1650,1589
102000,8877,67.0,1220,4,396,1951,836,0
107000,7819,94.0,1117,6,672,1976,1029,0
114500,10150,70.0,912,5,275,1958,912,0
395000,14226,110.0,1973,8,895,2006,1935,0
162000,4500,32.0,1204,6,412,1998,1204,0
221500,11210,86.0,1614,7,865,2005,1614,0
142500,13350,100.0,894,5,440,1974,864,0
144000,8400,60.0,2020,5,630,1977,0,0
135000,10530,78.0,1004,6,504,1977,975,0
176000,7875,63.0,1253,7,402,1995,1237,0
175900,7153,65.0,810,6,484,1992,761,793
187100,16285,67.0,1430,7,605,2001,1413,0
128000,6300,35.0,742,6,0,1914,742,742
139000,10800,60.0,966,5,416,1915,686,686
233000,10142,76.0,956,7,618,2004,956,1128
107900,6000,50.0,901,4,281,1954,901,0
160200,3182,43.0,1145,7,397,2005,1145,0
269790,9920,92.0,1127,7,455,1996,1117,886
225000,9158,76.0,1496,8,474,2007,1496,0
171000,8400,70.0,888,6,476,1980,650,676
143500,8197,71.0,1285,6,528,1977,660,0
110000,7677,57.0,773,5,240,1953,773,0
485000,13518,104.0,1966,9,820,2008,1926,1174
175000,7200,60.0,981,5,240,1937,731,787
200000,12798,79.0,616,6,603,1997,616,1072
109900,4800,40.0,1196,4,440,1916,1196,0
189000,8199,63.0,728,7,410,2005,728,728
582933,13891,107.0,1734,9,1020,2008,1734,1088
118000,9000,75.0,1128,5,286,1954,936,0
227680,12274,91.0,1428,7,554,2008,1417,0
135500,9750,75.0,980,5,384,1967,980,0
223500,21384,144.0,1072,5,528,1923,1324,504
159950,13400,85.0,1086,5,484,1966,1024,0
106000,8100,90.0,1075,5,360,1898,849,1063
181000,10140,78.0,1309,6,484,1974,1040,0
55993,8712,66.0,1044,5,504,1952,540,0
157900,9750,75.0,1442,6,301,1958,1442,0
116000,8248,45.0,686,5,280,1918,686,564
224900,12137,48.0,1661,7,598,1998,1649,0
155000,8816,80.0,1052,6,440,1971,1010,0
224000,6371,44.0,1358,7,484,2009,1358,0
183000,7226,72.0,798,7,595,2003,798,842
93000,6000,60.0,936,4,576,1953,936,0
139500,9900,60.0,944,6,240,1940,778,545
232600,11216,81.0,1489,8,776,2006,1489,0
385000,14803,114.0,2084,10,1220,2007,2078,0
109500,6130,50.0,784,5,0,1924,784,0
189000,8529,65.0,1434,7,527,2001,1454,0
147400,2544,24.0,520,7,480,2005,600,623
166000,11900,80.0,1392,6,458,1957,1392,0
151000,3180,30.0,520,7,480,2005,600,600
237000,9548,44.0,941,7,613,2003,941,888
167000,10004,100.0,1516,6,472,1964,1516,0
139950,7875,75.0,1144,5,456,1961,1144,0
128000,9600,60.0,1067,4,436,1950,1067,0
153500,8100,90.0,1559,5,812,1948,1559,0
100000,1680,21.0,483,6,264,1973,483,504
144000,9525,75.0,1099,5,352,1995,1099,0
130500,11767,70.0,768,5,240,1946,768,432
157500,10440,60.0,958,5,686,1904,650,581
174900,9020,82.0,1165,6,490,1966,1127,0
141000,8000,80.0,1800,5,0,1961,1800,0
153900,12665,100.0,876,5,720,1915,876,540
213000,9317,75.0,1006,7,425,1993,740,769
133500,15523,36.0,864,5,338,1972,864,0
240000,45600,75.0,1307,6,360,1908,907,1051
187000,9600,80.0,1094,6,512,1976,528,761
131500,4435,36.0,848,6,420,2003,848,0
164000,7128,53.0,918,7,240,1941,918,728
170000,17920,102.0,1779,5,454,1955,1763,0
174000,8125,65.0,702,6,343,1994,702,779
152000,10400,80.0,1370,7,479,1976,1090,0
189950,7642,55.0,912,7,216,1918,912,514
131500,11625,75.0,1039,5,504,1965,1039,0
152000,9672,81.0,1097,6,480,1984,1040,0
132500,7931,70.0,1148,5,672,1959,1148,0
250580,8640,72.0,1372,7,529,2007,1372,0
248900,10656,67.0,1646,8,870,2006,1638,0
129000,6970,85.0,1120,4,544,1961,1040,0
236000,9938,80.0,1062,7,574,1993,1050,887
109500,6600,60.0,894,5,308,1962,894,0
200500,8750,70.0,804,6,523,1998,804,878
116000,8892,74.0,910,5,414,1953,105,0
133000,12144,60.0,1036,5,288,1949,832,0
66500,5720,52.0,676,5,200,1941,676,455
303477,9000,75.0,1184,8,550,2007,1184,1426
132250,25286,94.0,1040,4,648,1963,1064,0
350000,8834,74.0,1462,9,738,2004,1462,762
148000,11782,88.0,1155,5,576,1961,1109,0
157000,7024,60.0,1090,5,450,2005,1090,0
187500,13758,44.0,1187,7,400,1990,1156,530
118500,6204,60.0,954,4,440,1912,795,795
100000,7150,65.0,892,5,288,1967,892,0
328900,5119,50.0,1709,9,506,1999,1698,0
145000,8393,70.0,1712,5,588,1959,1626,0
135500,16466,59.0,872,5,300,1955,816,521
268000,15865,95.0,2217,8,621,1970,2217,0
149500,12160,128.0,1505,6,505,1953,1505,0
122900,8064,60.0,672,5,576,1949,672,252
172500,11184,70.0,918,6,440,1978,918,765
154500,8414,70.0,1068,6,264,1963,1059,0
118858,7018,64.0,1535,5,400,1979,0,0
140000,7056,71.0,983,6,483,1963,780,813
106500,8765,50.0,951,4,327,1936,951,0
142953,7018,64.0,1120,5,528,1979,0,1120
611657,12919,100.0,2364,9,820,2009,2330,0
135000,6993,65.0,1236,5,288,1961,912,0
153000,8712,64.0,1306,5,756,1957,992,0
180000,7875,63.0,807,7,393,2003,783,702
240000,14859,50.0,1670,7,690,2006,1670,0
128000,9920,80.0,1063,5,280,1954,1056,0
255000,13501,116.0,1636,8,865,2006,1623,0
250000,11500,86.0,1020,7,180,1936,1017,1037
174000,12589,149.0,742,6,390,2005,742,742
154300,11600,80.0,1105,5,480,1960,1105,1169
88000,6120,51.0,1015,5,450,1925,768,0
145000,6270,82.0,1001,5,871,1949,1001,1001
173733,3000,30.0,612,6,528,2009,612,612
75000,2001,21.0,546,4,286,1970,546,546
35311,9000,50.0,480,2,308,1949,480,0
238000,13125,103.0,912,7,833,1991,1104,1215
176500,11029,87.0,1414,6,601,1958,1184,0
201000,8462,70.0,936,6,471,1994,928,785
145900,8777,67.0,1272,5,0,1900,1272,928
169990,10237,65.0,1316,6,397,2005,1316,0
193000,8012,50.0,1617,6,533,1993,1604,0
207500,10240,79.0,1686,6,612,1980,1686,0
285000,11999,93.0,1234,8,656,2003,1181,1140
201000,8925,73.0,1466,8,610,2007,1466,0
117500,9100,70.0,925,5,429,1965,925,0
320000,11670,84.0,1905,9,788,2006,1905,0
190000,8487,63.0,1500,7,570,2004,1500,0
242000,27650,313.0,2069,7,505,1960,585,0
79900,5825,52.0,747,4,528,1926,600,0
184900,10083,67.0,1200,7,555,2003,1176,0
253000,9675,75.0,1113,7,689,2005,1113,858
239799,8760,73.0,1391,7,868,2006,1391,571
150900,12640,55.0,1728,6,574,1976,1728,0
150000,7711,42.0,1440,4,0,1977,1440,0
143000,25000,100.0,1632,5,576,1967,1632,0
124900,8820,98.0,1188,5,456,1890,1088,561
143000,8163,70.0,1144,5,796,1959,1144,0
270000,14536,85.0,1629,8,808,2002,1616,0
192500,14006,65.0,936,7,474,2002,936,840
197500,9360,78.0,1381,6,676,1972,1161,0
129000,7200,60.0,864,5,720,1950,864,0
119900,7800,60.0,965,5,300,1965,828,0
133900,7200,60.0,768,5,396,1972,768,0
127500,9400,35.0,980,6,0,1975,945,0
145000,7136,82.0,979,6,492,1946,979,979
124000,1300,24.0,561,6,462,1980,561,668
132000,7420,70.0,1057,5,576,1962,1057,0
185000,8450,65.0,1337,7,531,2003,1337,0
155000,2572,24.0,696,7,484,1999,696,720
116500,7207,50.0,858,5,0,1958,858,0
155000,2308,24.0,804,6,440,1976,804,744
239000,11923,122.0,1800,9,702,2007,1800,0
214900,11316,80.0,824,7,510,2002,817,1070
178900,10237,65.0,783,6,393,2005,783,701
160000,9600,130.0,976,5,256,1940,728,332
37900,5925,50.0,600,3,0,1910,600,368
140000,10382,75.0,1095,6,264,1958,588,0
135000,10800,60.0,720,4,0,1949,720,472
173000,2268,36.0,764,7,474,2003,764,862
99500,7892,55.0,918,6,264,1979,918,0
182000,11639,95.0,1428,7,480,2007,1428,0
167500,11414,60.0,1136,7,532,1910,728,883
85500,5900,51.0,869,4,0,1923,440,0
199900,4274,35.0,1241,7,569,2006,1241,0
110000,9450,68.0,894,4,400,1954,894,0
139000,8816,80.0,1121,5,480,1963,1121,0
336000,12203,98.0,1276,8,676,1998,1225,1336
159895,3182,43.0,1266,7,388,2007,1266,0
126000,10125,75.0,1302,5,539,1977,0,432
125000,10880,68.0,1164,5,240,1950,1164,0
117000,5310,59.0,1001,6,255,1910,485,634
395192,10159,83.0,1940,9,606,2009,1930,0
197000,8125,65.0,778,7,614,2006,770,798
348000,9452,82.0,1407,8,870,1997,1396,985
168000,17671,121.0,916,8,424,1882,916,826
187000,9760,80.0,1020,6,440,1964,822,831
173900,8846,68.0,750,6,564,2005,750,750
337500,12456,96.0,1718,10,786,2006,1700,0
121600,4712,51.0,774,4,305,1946,747,456
91000,9786,60.0,1077,3,210,1922,1007,0
206000,6762,64.0,1208,7,632,2006,1187,0
82000,10206,74.0,944,3,528,1952,0,0
86000,5400,60.0,691,5,216,1920,691,0
232000,11957,75.0,1574,8,824,2006,1574,0
181000,3182,43.0,1504,7,457,2005,1346,0
149900,8385,65.0,985,5,328,1977,985,0
88000,2217,21.0,546,4,286,1970,546,546
240000,12118,43.0,1710,7,550,2004,1710,0
102000,6000,60.0,1008,5,0,1926,1008,0
135000,21286,115.0,720,5,312,1948,720,551
100000,9825,75.0,1664,5,0,1965,0,0
165000,10592,55.0,900,6,180,1923,602,602
85000,7200,60.0,1022,5,280,1910,1022,0
119200,11664,60.0,1082,6,240,1948,1082,0
227000,8400,70.0,810,8,528,2001,810,855
203000,11883,73.0,1504,7,478,1996,1504,0
213490,3013,43.0,1506,7,440,2005,1362,0
176000,7024,60.0,1132,4,451,2005,1132,0
194000,7406,64.0,1220,7,632,2006,1199,0
87000,9439,52.0,912,5,160,1930,912,336
191000,3182,43.0,1504,7,437,2005,1346,0
112500,7700,70.0,882,5,461,1972,882,0
167500,9300,73.0,1264,5,461,1960,1268,0
293077,9520,71.0,1646,8,800,2007,1638,0
105000,9492,79.0,968,5,240,1941,768,408
118000,1680,21.0,672,6,264,1972,672,546
197000,15863,102.0,1687,7,672,1920,824,998
119750,6305,50.0,954,5,240,1938,920,0
315500,12898,89.0,1620,9,912,2007,1620,0
97000,1533,21.0,798,4,0,1970,546,546
80000,1477,21.0,630,4,286,1970,630,0
155000,13125,88.0,1803,5,484,1957,1134,0
196000,5381,34.0,1306,6,624,2005,1306,0
262280,11839,86.0,1532,7,514,1990,1475,797
278000,9600,80.0,2524,8,542,1981,2524,0
556581,16056,85.0,1992,9,716,2005,1992,876
145000,9245,57.0,990,5,672,1994,990,0
115000,21750,100.0,1771,5,336,1960,0,0
84900,11100,60.0,930,4,308,1946,0,0
176485,8993,73.0,1302,7,436,2007,1302,0
200141,11175,103.0,1316,7,440,2007,1316,0
165000,9500,100.0,1127,6,540,1964,816,850
144500,8562,68.0,1526,5,364,1957,1216,0
255000,11367,90.0,1091,8,586,2002,1065,898
180000,11361,104.0,1523,6,478,1976,1193,0
185850,7052,43.0,1364,7,484,2005,1364,0
335000,11308,96.0,1130,9,836,2008,1104,1054
213500,4920,41.0,1338,8,582,2001,1338,0
81000,18000,120.0,894,3,1248,1935,894,0
90000,13600,85.0,1422,5,560,1900,662,915
110500,6000,50.0,1103,6,440,1925,1103,0
328000,14000,80.0,1306,7,533,1996,1306,954
178000,7837,59.0,799,6,380,1993,799,772
167900,9760,80.0,798,6,442,1964,780,813
151400,3964,42.0,1291,6,576,1973,942,1230
135000,9600,60.0,893,5,576,1949,845,0
135000,10152,72.0,1048,5,286,1956,1048,0
154000,11700,78.0,829,6,441,1968,727,727
91500,7585,50.0,1002,5,280,1948,810,454
159500,7950,75.0,698,6,440,1977,690,728
194000,8556,74.0,1240,7,826,2006,1240,0
219500,13125,75.0,960,7,240,1940,800,780
170000,10800,60.0,1096,5,566,1936,796,370
155900,4435,37.0,848,6,420,2004,848,0
126000,8775,65.0,990,5,299,1994,990,0
145000,11040,80.0,1258,6,528,1971,1258,0
133000,7500,75.0,1040,5,308,1963,1040,0
192000,8749,70.0,1459,7,527,2002,1459,0
160000,8800,80.0,1251,6,461,1964,1251,0
147000,9069,73.0,996,6,564,1992,936,0
252000,10574,85.0,1082,8,1043,2005,1082,871
137500,2522,24.0,970,7,380,2004,970,739
197000,3316,37.0,1247,8,550,2005,1247,0
92900,8544,60.0,1040,3,400,1950,0,0
160000,2160,24.0,624,7,462,1999,600,628
136500,8400,60.0,1390,6,576,1925,1181,304
146000,9230,71.0,1200,5,884,1965,864,0
129000,5868,74.0,936,5,308,1956,936,0
176432,9317,78.0,1314,6,440,2006,1314,0
127000,6882,60.0,773,6,0,1914,684,582
128000,6000,50.0,757,4,240,1936,672,567
157000,11880,82.0,1601,7,478,1978,1271,0
60000,8400,60.0,438,2,246,1920,290,0
119500,9758,61.0,950,5,280,1971,950,0
135000,7000,70.0,1134,5,254,1960,1010,0
159500,8910,79.0,1194,6,539,1959,655,0
106000,2016,24.0,630,5,440,1970,630,672
325000,12256,98.0,1500,8,712,1994,1463,1122
179900,10357,114.0,1442,7,719,1990,910,0
274725,23257,168.0,887,7,422,2006,868,1134
280000,11362,107.0,1836,8,862,2004,1836,0
205000,10480,80.0,1098,7,483,1976,803,866
129900,7100,73.0,816,5,308,1957,816,0
134500,8923,66.0,1008,5,240,1953,1008,0
117000,5400,90.0,833,5,326,1954,833,0
318000,12085,93.0,1734,8,928,2007,1734,0
130000,9764,57.0,894,5,450,1967,894,0
140000,13825,85.0,1021,5,300,1958,533,580
133700,7560,70.0,1040,5,286,1959,1040,0
118400,8263,59.0,1012,6,308,1920,1012,0
212900,10084,84.0,1552,7,782,2005,1552,0
118000,9405,50.0,698,5,0,1947,698,0
115000,10434,60.0,1005,4,672,1955,1005,0
174000,3684,53.0,1555,7,660,2007,1373,0
259000,14572,182.0,1530,7,630,2004,1530,0
215000,11796,59.0,847,7,434,2004,847,1112
140000,7200,60.0,936,5,672,1980,936,0
135000,7804,65.0,1328,4,576,1928,1122,653
93500,10712,63.0,974,5,0,1991,974,0
117500,9900,90.0,1178,6,205,1880,1008,1032
239500,9828,80.0,1142,8,466,1995,1128,878
169000,8773,57.0,916,6,460,1997,916,684
102000,6180,60.0,986,6,180,1926,960,0
119000,9600,80.0,1032,6,288,1950,1032,220
94000,6342,54.0,780,5,0,1875,780,240
144000,8731,98.0,1167,5,495,1920,915,0
139000,7350,60.0,952,5,840,1951,952,0
424870,9965,77.0,1466,8,1052,2006,1466,1362
80000,12180,60.0,672,4,280,1941,672,252
149000,6240,52.0,1042,5,225,1928,1042,534
174500,12000,75.0,860,7,234,1941,704,704
143000,9000,50.0,832,7,324,1920,650,650
124000,8280,57.0,932,6,306,1950,932,0
149900,17755,134.0,1466,5,528,1959,1466,0
230000,14115,90.0,1811,6,470,1956,1073,0
218000,10768,90.0,1437,5,528,1976,1437,0
179900,9350,85.0,1265,5,502,1965,1219,0
230000,5001,34.0,1314,7,626,2007,1314,0
235128,11932,92.0,1580,8,830,2007,1580,0
185000,9120,76.0,943,6,540,1974,901,933
146000,2280,24.0,855,6,440,1978,855,601
129000,8724,109.0,894,5,450,1968,894,0
108959,12900,60.0,1258,4,400,1969,1198,0
233170,9541,79.0,1502,7,644,2009,1502,0
245350,10475,64.0,1694,8,776,2008,1694,0
173000,10852,58.0,959,6,472,2000,959,712
235000,13728,120.0,1236,6,540,1935,1127,872
625000,35760,118.0,1831,10,807,1995,1930,1796
171000,9880,76.0,1118,6,358,1977,1096,0
163000,9120,76.0,1261,6,433,1958,1261,0
171900,4017,35.0,625,7,625,2006,625,625
200500,18030,138.0,1636,5,0,1946,1598,971
239000,16560,80.0,1170,6,360,1932,952,1175
285000,10678,85.0,2129,8,541,1992,1683,743
119500,6951,37.0,923,5,264,1984,876,0
154900,7681,54.0,820,5,186,1921,731,523
93000,8335,77.0,1124,5,0,1954,0,0
392500,5587,64.0,1652,8,482,2008,1600,0
745000,15623,160.0,2411,10,813,1996,2396,2065
120000,10800,60.0,1130,5,720,1920,1120,0
186700,35133,50.0,1572,5,995,1963,1572,0
104900,9738,60.0,949,5,392,1924,784,272
95000,10615,107.0,1014,3,420,1900,978,685
262000,12461,89.0,1624,8,757,1994,1624,0
195000,8935,68.0,831,7,493,2002,831,829
189000,7500,60.0,1028,7,442,1999,994,776
174000,2645,24.0,764,8,492,1999,776,677
125000,9600,60.0,842,5,250,1925,702,630
158000,9364,80.0,663,6,299,1969,663,689
176000,8029,51.0,728,6,400,2005,728,728
219210,14054,58.0,879,7,660,2006,879,984
144000,8850,65.0,815,7,225,1916,815,875
178000,9100,70.0,1212,7,573,2001,1212,0
148000,11235,75.0,1382,4,459,1963,1051,0
116050,9353,71.0,864,4,280,1970,864,0
197900,10400,80.0,866,7,546,1998,866,913
117000,6000,50.0,884,5,216,1925,884,464
213000,9750,75.0,1630,7,451,2000,1630,0
153500,10140,78.0,1074,5,495,1975,1056,0
271900,14684,90.0,2196,7,701,1990,2158,0
200000,9135,70.0,1700,6,544,2003,1682,0
140000,7763,70.0,1283,5,506,1962,931,0
290000,10182,85.0,1660,8,500,2006,1660,0
189000,11218,70.0,1055,6,462,1992,1055,790
164000,12134,152.0,1080,8,492,1988,559,672
113000,9340,50.0,672,4,234,1941,672,0
134500,10205,69.0,999,5,300,1962,925,0
125000,7094,99.0,894,5,384,1966,894,0
112000,8930,68.0,1318,6,539,1978,0,584
229456,8640,72.0,1314,8,552,2009,1300,0
80500,6240,52.0,672,4,0,1947,0,240
91500,1680,21.0,672,6,0,1971,672,546
115000,7800,66.0,912,5,288,1964,912,0
134000,8250,55.0,1211,5,322,1968,952,0
143000,10496,78.0,1168,6,315,1949,1040,678
137900,10680,89.0,2136,5,528,1951,2136,0
184000,15384,60.0,788,7,388,2004,788,702
145000,10482,65.0,1138,6,264,1958,588,0
214000,14598,86.0,894,6,668,2007,894,1039
147000,8872,72.0,912,5,576,1965,912,0
367294,8769,65.0,1702,9,1052,2008,1702,0
127000,7910,70.0,1507,5,404,1960,1075,0
132500,7728,70.0,1190,5,540,1962,1106,0
101800,9842,70.0,1224,4,462,1962,0,0
130000,8525,55.0,1024,5,0,1911,940,940
138887,13132,96.0,892,5,180,1914,747,892
175500,2628,36.0,764,7,474,2003,764,862
195000,12393,41.0,847,7,434,2004,847,1101
142500,13072,63.0,1141,6,484,2005,1141,0
265900,9037,64.0,1484,8,472,2006,1476,0
224900,8158,65.0,884,7,543,2003,884,884
248328,9849,83.0,1689,7,954,2007,1689,0
170000,10625,85.0,1173,7,528,1974,1053,0
465000,13891,107.0,2076,10,850,2006,2076,0
178000,12090,78.0,1140,6,477,1984,585,728
186500,8125,65.0,756,7,615,2005,756,797
129500,9600,60.0,1134,6,396,1917,735,924
119000,7200,60.0,988,5,276,1950,876,0
244000,11160,93.0,2110,7,522,1968,2110,0
130000,9858,62.0,874,5,288,1968,864,0
165400,6931,60.0,760,7,397,2003,746,896
127500,6240,52.0,959,6,560,1931,884,408
301500,14303,91.0,1987,8,691,1994,1986,0
99900,4060,56.0,864,5,0,1922,864,0
190000,9587,59.0,1166,7,400,2005,856,0
151000,9750,65.0,1054,6,460,1969,1054,0
128900,9600,80.0,1050,5,338,1956,1050,0
180500,13515,60.0,1060,6,520,1919,764,764
181000,4060,34.0,1337,6,511,1998,1405,0
183900,3735,35.0,713,7,506,1999,691,739
122000,10120,60.0,964,7,308,1910,925,925
378500,13214,89.0,2018,9,746,2008,2002,0
144000,11344,78.0,874,5,315,1958,874,650
177000,11512,124.0,1357,6,312,1959,1019,0
139000,5362,53.0,661,5,552,1910,661,589
137000,11345,95.0,928,5,400,1948,928,992
237000,9473,75.0,1128,8,577,2002,1128,903
68400,7500,60.0,698,4,528,1920,698,430
227000,9808,67.0,1573,7,544,2002,1573,0
180000,8049,50.0,1339,7,484,1990,1309,0
150500,8800,61.0,1040,5,484,1977,1040,0
139000,9400,94.0,912,6,0,1971,912,912
169000,9638,50.0,1699,6,336,1919,804,748
132500,6000,50.0,825,6,280,1939,780,587
278000,5664,40.0,1659,8,499,2000,1501,0
281000,11065,86.0,1120,8,753,2006,1085,850
119500,1680,21.0,630,5,264,1972,630,672
107500,6600,60.0,1378,5,432,1892,994,994
162900,10140,78.0,832,7,528,1976,832,832
115000,8172,60.0,864,5,572,1955,864,0
138500,8400,70.0,1052,5,288,1968,1052,0
155000,8700,80.0,1128,5,525,1963,1120,0
140000,3675,35.0,1072,6,525,2005,547,0
160000,63887,313.0,4692,10,1418,2008,6110,950
154000,7500,75.0,1246,5,305,1959,1246,0
290000,10120,92.0,1203,8,844,1994,1165,1323
232000,8688,73.0,1616,7,834,2005,1616,0
130000,3363,32.0,976,7,380,2004,976,732
325000,13173,108.0,1652,9,840,2006,1652,0
202500,6955,48.0,1368,7,474,2005,1368,0
138000,8072,60.0,990,5,480,1994,990,0
147000,12000,100.0,1122,5,528,1948,924,0
335000,17500,100.0,1902,7,567,1959,1902,0
203000,8814,68.0,1274,7,508,2005,1274,0
333168,14774,108.0,1422,9,779,1999,1393,1177
119000,8190,60.0,948,4,280,1954,948,0
206900,11075,85.0,1092,6,576,1969,952,1020
295493,10226,61.0,1630,8,860,2008,1622,0
208900,4230,47.0,1352,7,466,2006,1352,0
111000,10215,75.0,948,4,248,1954,864,0
156500,8400,70.0,1478,6,442,1957,1478,0
190000,10186,107.0,1061,7,564,1992,750,862
82500,5330,50.0,708,4,0,1940,420,0
147000,9986,75.0,1795,8,895,2006,1795,0
55000,3636,40.0,796,4,0,1922,796,0
79000,4270,70.0,774,3,0,1931,544,0
130500,6600,60.0,816,5,264,1982,816,0
256000,10440,60.0,1584,6,520,1920,1510,1208
176500,9084,63.0,955,7,462,1998,935,677
227000,10000,85.0,1588,8,825,2006,1588,0
132500,10780,55.0,954,5,576,1976,911,0
100000,8877,67.0,816,4,288,1938,816,0
125500,7200,60.0,803,5,297,1938,803,557
125000,2368,24.0,765,5,440,1970,765,600
167900,9650,80.0,1334,6,630,1977,1350,0
135000,9246,87.0,1656,5,506,1973,1656,0
52500,4118,153.0,693,4,0,1941,693,0
200000,13450,95.0,920,7,492,2002,916,941
128500,9560,120.0,864,5,288,1972,864,0
123000,8294,70.0,872,4,480,1971,858,0
155000,13695,66.0,1114,6,576,2003,1114,0
177000,7558,57.0,1172,6,342,1928,896,741
155835,11103,85.0,728,7,440,2006,728,728
108500,6000,50.0,960,4,308,1920,960,0
283463,15306,93.0,1776,8,712,2006,1732,0
122000,5250,50.0,938,8,0,1872,684,1215
200000,11643,91.0,1338,5,968,1969,1248,1296
171000,9247,70.0,858,6,490,1962,858,858
134900,6000,50.0,786,6,624,1937,698,390
410000,14720,56.0,2053,8,666,1995,2033,1185
170000,10192,102.0,1222,7,487,1968,570,698
315000,16737,129.0,1980,9,770,2004,1980,0
189000,9842,51.0,990,5,621,1921,612,1611
260000,16158,124.0,1530,7,430,2005,1530,0
156932,8499,73.0,616,6,432,2006,616,796
144152,3180,30.0,520,7,480,2005,600,600
193000,9179,68.0,882,7,588,1999,873,908
127000,2665,41.0,925,5,336,1977,757,550
232000,10635,48.0,1668,8,502,2003,1657,0
105000,5400,90.0,840,4,338,1920,840,534
165500,9600,80.0,1661,6,377,1955,992,0
274300,9750,75.0,1108,7,583,1998,1108,989
250000,10625,85.0,1026,7,936,2005,1026,932
239000,10991,89.0,1571,8,722,2007,1571,0
91000,6292,52.0,790,6,160,1930,768,0
117000,10998,60.0,984,5,660,1941,984,620
83000,1953,21.0,483,6,264,1973,483,504
167500,9735,73.0,754,5,400,2006,384,640
58500,8212,45.0,864,3,200,1914,864,0
157000,7200,60.0,998,7,576,1920,596,764
105000,9060,60.0,698,6,280,1939,560,560
125500,5436,40.0,796,4,240,1922,796,358
250000,16692,80.0,1392,7,564,1978,1392,1392
136000,8520,60.0,1664,6,216,1916,714,862
377500,14892,42.0,1746,9,758,2006,1746,0
131000,6000,60.0,869,6,440,1941,735,349
235000,9100,70.0,1525,7,541,2000,1525,0
124000,8944,65.0,1584,5,792,1967,1584,0
123000,7838,68.0,900,5,288,1967,864,0
163000,10800,60.0,1221,6,672,1905,482,691
246578,4045,53.0,1500,7,648,2006,1356,0
281213,12665,88.0,1133,8,642,2005,1094,1349
137500,6120,51.0,939,5,180,1920,939,574
138000,7200,60.0,1136,5,240,1950,1208,768
137450,6171,51.0,1160,6,216,1925,976,448
120000,6000,50.0,950,6,208,1929,862,208
193000,7415,62.0,864,6,398,2004,839,729
193879,6762,64.0,1294,7,662,2006,1286,0
282922,15256,49.0,1464,8,754,2007,1485,0
105000,10410,60.0,694,3,936,1915,672,520
275000,3842,44.0,1646,8,482,2004,1594,0
133000,8445,70.0,768,5,396,1972,768,0
125500,7740,60.0,741,4,528,1910,622,622
215000,20544,46.0,1236,7,542,1986,791,857
230000,12420,79.0,944,7,622,2001,944,896
140000,9600,80.0,1112,6,271,1950,856,556
90000,7200,60.0,1040,4,420,1949,0,0
257000,10994,88.0,1844,8,620,2005,1844,0
207000,13053,64.0,1053,6,370,1923,833,795
175900,3635,51.0,1569,7,660,2007,1386,0
122500,11340,60.0,1246,4,560,1885,777,1044
124000,9204,71.0,1144,5,336,1963,1144,0
179900,11700,90.0,708,6,776,1968,708,708
127500,4043,53.0,1069,6,440,1977,1069,0
136500,4435,37.0,848,6,420,2003,848,0
142000,10721,80.0,1252,6,528,1959,1252,0
271000,10944,81.0,1223,7,525,1994,1223,904
140000,10930,60.0,1048,5,288,1945,913,510
119000,7200,60.0,804,5,240,1940,788,0
192140,21930,60.0,734,5,372,2005,732,1104
64500,10800,60.0,968,4,216,1927,656,0
186500,10261,93.0,962,6,451,2000,936,830
160000,17400,80.0,1126,5,484,1977,1126,0
174000,8400,80.0,1537,6,462,1962,1319,0
120500,9000,60.0,864,4,528,1971,864,0
394617,12444,96.0,1932,8,774,2008,1932,0
149700,7407,90.0,1236,6,923,1957,912,0
197000,11584,80.0,1040,7,550,1979,539,685
191000,11526,79.0,1423,6,672,1922,588,748
310000,11003,85.0,1026,10,812,2008,1017,981
179600,8500,63.0,1422,7,626,2004,1422,0
129000,8400,70.0,913,6,240,1966,814,0
240000,10000,80.0,1220,8,556,1995,1220,870
112000,11767,70.0,796,4,384,1910,560,550
92000,1533,21.0,630,5,0,1970,630,0
136000,9000,60.0,896,5,0,1974,896,896
287090,9262,78.0,1578,8,840,2008,1573,0
145000,3675,35.0,1072,5,525,2005,547,0
84500,17217,90.0,1140,5,0,2006,1140,0
185000,7500,62.0,1221,7,400,2004,1221,0
175000,7917,62.0,953,6,460,1999,953,694
210000,13175,85.0,2073,6,500,1978,1542,0
266500,9042,66.0,1188,7,252,1941,1152,1152
142125,9717,68.0,1078,5,240,1950,1078,0
147500,9937,75.0,1256,5,276,1965,1256,0
